metric,n_runs,mean,std,ci95_low,ci95_high
deployment_residual,50,0.8189754991980988,0.11791063443204508,0.7862923387991831,0.8516586595970144
benchmark_conformal_coverage,50,0.9498000000000001,0.023429442492517896,0.9433056898749753,0.9562943101250249
benchmark_transfer_coverage,50,0.10070000000000003,0.028320505299308546,0.09284995643324194,0.10855004356675811
oracle_deployment_coverage,50,0.9441999999999999,0.024935836027038395,0.9372881388902843,0.9511118611097156
response_rank_coverage,50,0.9490999999999998,0.01567169553099874,0.944756027624397,0.9534439723756026
benchmark_width,50,0.201277689384693,0.01427372973710709,0.19732121335743946,0.20523416541194656
oracle_width,50,3.24998924502974,0.5363670464012376,3.1013158849493365,3.398662605110143
response_rank_width,50,3.275901996792395,0.4716425377281803,3.1451693551967326,3.4066346383880575
